Study,HIV Markers,Hematology,Biochemistry - Liver,Biochemistry - Renal,Electrolytes,Lipids,Metabolic,Inflammatory,Other Labs,Coagulation
JHB_ACTG_015,0,2,1,0,0,0,0,0,0,0
JHB_ACTG_016,0,2,1,0,0,0,0,0,0,0
JHB_ACTG_017,0,0,0,0,0,0,0,0,0,0
JHB_ACTG_018,0,0,0,0,0,0,0,0,0,0
JHB_ACTG_019,0,2,1,0,0,0,0,0,0,0
JHB_ACTG_021,0,0,0,0,0,0,0,0,0,0
JHB_Aurum_009,2,0,0,0,0,0,0,0,0,0
JHB_DPHRU_013,0,0,0,0,0,0,0,0,0,0
JHB_DPHRU_053,0,0,2,0,0,1,0,0,0,0
JHB_EZIN_025,0,0,0,0,0,0,0,0,0,0
JHB_Ezin_002,2,5,0,0,0,0,0,0,0,0
JHB_SCHARP_004,0,3,2,0,0,0,0,0,0,0
JHB_SCHARP_006,0,0,0,0,0,0,0,0,0,0
JHB_VIDA_007,0,0,0,0,0,0,0,0,0,0
JHB_VIDA_008,0,0,0,0,0,0,0,0,0,0
JHB_WRHI_001,0,0,0,0,0,0,0,0,0,0
JHB_WRHI_003,3,5,3,1,0,0,0,0,0,0
